[
  {
    "userId": 5449795291,
    "commands": {
      "2024-10-31": {
        "crash": 2
      }
    }
  },
  {
    "userId": 7210431906,
    "commands": {
      "2024-10-31": {
        "crash": 2
      }
    }
  },
  {
    "userId": 7524645482,
    "commands": {
      "2024-10-31": {
        "crash": 4
      }
    }
  },
  {
    "userId": 7733725316,
    "commands": {
      "2024-10-31": {
        "crash": 1
      }
    }
  },
  {
    "userId": 5392106497,
    "commands": {
      "2024-10-31": {
        "crash": 2
      }
    }
  },
  {
    "userId": 6874734974,
    "commands": {
      "2024-10-31": {
        "crash": 4
      }
    }
  },
  {
    "userId": 7534664256,
    "commands": {
      "2024-10-31": {
        "crash": 1
      }
    }
  },
  {
    "userId": 6752441545,
    "commands": {
      "2024-10-31": {
        "crash": 1
      }
    }
  }
]